handle,channel_type,channel_type_note,subs,total_channel_views,video_count,n_scraped,n_shorts_scraped,n_long_scraped,median_views,p25,p75,max_views,n_ueber_100k,n_ueber_480k,hit_ratio,median_to_max_ratio,uploads_pro_tag,verdict_A,subs_ge_1000,subs_ge_500,shorts_views_90d,shorts_views_90d_basis,ypp_ad_eligible,ypp_fanfund_eligible,longform_ad_eligible,watch_hours_upperbound,watch_ub_basis,retention_needed_for_4000h,mon_sponsor_button,mon_store_tab,mon_external_links,mon_affiliate_hits,off_platform_monetization,join_date,viral_video_id,viral_video_views,viral_video_upload_date,viral_date_source,days_channel_to_hit,days_since_hit,dominant_upload_hour_utc,upload_hours_utc,desc_boiler_hash,external_domains,data_quality
AALUBIGTV,LONG,median_dur=423s over 7 items,23800,10404491,7,7,0,7,108152,30990,1188345,8018130,4,2,0.2857,0.0135,0.233,SYSTEM,True,True,,N/A_long_form_channel(shorts_gate_gilt_nicht),False,False,UNBESTIMMBAR(watch_hours_nicht_exponiert),1976682,"sum(views*full_duration) ueber 7 videos (=100%-Retention-Obergrenze, NICHT reale Watch-Std)",0.002,False,False,0,,False,2026-06-09,bAqR0rnNbnI,8018130,2026-06-13,rss_exact,4,29,3,1;3;4;6;9;11,711119d5440d,,
AALUFAMILYTV,LONG,median_dur=294s over 19 items,26200,15347693,19,19,0,19,283000,158419,1181810,3597736,16,8,0.4211,0.0787,0.373,SYSTEM,True,True,,N/A_long_form_channel(shorts_gate_gilt_nicht),False,False,UNBESTIMMBAR(watch_hours_nicht_exponiert),1422472,"sum(views*full_duration) ueber 19 videos (=100%-Retention-Obergrenze, NICHT reale Watch-Std)",0.0028,False,False,0,,False,2026-05-21,T3GLOa4-nm4,3597736,2026-06-19,rss_exact,29,23,13,13;14,ceaaab370e65,,
AaluTamatarTales,SHORTS,median_dur=145s over 20 items,4820,2638284,56,56,48,8,440,146,1225,2300000,1,1,0.0179,0.0002,1.931,LOTTERIE,True,True,11464,sum_shorts_views(missing_on_28),False,False,N/A_shorts_channel,440825,"sum(views*full_duration) ueber 20 videos (=100%-Retention-Obergrenze, NICHT reale Watch-Std)",0.0091,False,False,0,,False,2026-06-13,hmZIilEGd9k,2300000,,published_text:13 days ago,,,8,3;4;5;6;8;11;12;14;15;17;18,d9f55be11062,,views_missing_on_28_vids; viral_upload_date:only_relative_text
AiGhibheli,LONG,median_dur=505s over 14 items,3250,1784818,14,14,2,12,89013,40500,209823,557986,7,1,0.0714,0.1595,0.368,UNKLAR,True,True,,N/A_long_form_channel(shorts_gate_gilt_nicht),False,False,UNBESTIMMBAR(watch_hours_nicht_exponiert),208982,"sum(views*full_duration) ueber 14 videos (=100%-Retention-Obergrenze, NICHT reale Watch-Std)",0.0191,False,False,0,,False,2026-06-03,ulwJJ-lu3zY,557986,2026-06-10,rss_exact,7,32,13,3;5;11;12;13,c67b33a94465,,
Aiduniya377,LONG,median_dur=321s over 30 items,3370,1063382,64,49,2,47,1869,501,6130,620234,1,1,0.0156,0.003,0.928,LOTTERIE,True,True,,N/A_long_form_channel(shorts_gate_gilt_nicht),False,False,UNBESTIMMBAR(watch_hours_nicht_exponiert),81840,"sum(views*full_duration) ueber 30 videos (=100%-Retention-Obergrenze, NICHT reale Watch-Std)",0.0489,False,False,0,,False,2026-05-03,XqeFP8CQE60,620234,2026-06-30,rss_exact,58,12,13,13;14,27b401b870b5,,views_missing_on_19_vids; scraped_49_of_64_vids(median_on_newest)
Bestorytales,LONG,median_dur=534s over 1 items,12300,17406195,17,17,0,17,91391,49131,621856,12373896,7,4,0.2353,0.0074,0.81,UNKLAR,True,True,,N/A_long_form_channel(shorts_gate_gilt_nicht),False,False,UNBESTIMMBAR(watch_hours_nicht_exponiert),108,"sum(views*full_duration) ueber 1 videos (=100%-Retention-Obergrenze, NICHT reale Watch-Std)",37.037,False,False,0,,False,2026-06-20,v_ZDl9g6YKw,12373896,2026-06-28,rss_exact,8,14,14,14;15,b5f11fae7c22,,views_missing_on_2_vids
BingeboxAnimations,LONG,median_dur=4098s over 20 items,89100,13137424,19,20,0,20,258793,147562,861249,2400102,17,9,0.4737,0.1078,0.288,SYSTEM,True,True,,N/A_long_form_channel(shorts_gate_gilt_nicht),False,False,UNBESTIMMBAR(watch_hours_nicht_exponiert),15585294,"sum(views*full_duration) ueber 20 videos (=100%-Retention-Obergrenze, NICHT reale Watch-Std)",0.0003,False,False,0,,False,2026-04-22,ZljpBxog9G8,2400102,2026-05-28,rss_exact,36,45,16,16;17,4424bc40de0d,,
CheathanMust,SHORTS,no_duration_overlays=pure_shorts,12400,6603655,21,21,21,0,426140,86367,672278,1290629,10,7,0.3333,0.3302,0.583,SYSTEM,True,True,6603655,pure_shorts=exact_total_views,False,True,N/A_shorts_channel,,keine_dur+views_paare,,False,False,0,,False,2026-06-05,GOEdXVVnOX8,1290629,2026-07-06,rss_exact,31,6,11,1;9;11;12;13,aa2c709f1cd3,,views_missing_on_6_vids
FuntooBabaTV,LONG,median_dur=358s over 13 items,32600,25784838,13,13,0,13,1123568,84504,3051357,6506932,9,8,0.6154,0.1727,0.228,SYSTEM,True,True,,N/A_long_form_channel(shorts_gate_gilt_nicht),False,False,UNBESTIMMBAR(watch_hours_nicht_exponiert),3521706,"sum(views*full_duration) ueber 13 videos (=100%-Retention-Obergrenze, NICHT reale Watch-Std)",0.0011,False,False,0,,False,2026-05-10,puX7N5DUnv4,6506932,2026-06-20,rss_exact,41,22,11,1;10;11;13;23,d00d966aa3b2,,
Gaonstory-q1p,LONG,median_dur=281s over 21 items,11500,8339320,22,22,3,19,10441,1800,267183,3113690,6,4,0.1818,0.0034,0.579,UNKLAR,True,True,,N/A_long_form_channel(shorts_gate_gilt_nicht),False,False,UNBESTIMMBAR(watch_hours_nicht_exponiert),1442287,"sum(views*full_duration) ueber 21 videos (=100%-Retention-Obergrenze, NICHT reale Watch-Std)",0.0028,False,False,0,,False,2026-06-03,on7AFprDTgI,3113690,2026-06-28,rss_exact,25,14,12,0;5;12;14,33f9095c7f63,,
HappyEndingTales-t4s,LONG,median_dur=2775s over 30 items,13700,1455093,30,30,0,30,8900,5425,22657,645035,3,1,0.0333,0.0138,0.395,LOTTERIE,True,True,,N/A_long_form_channel(shorts_gate_gilt_nicht),False,False,UNBESTIMMBAR(watch_hours_nicht_exponiert),1217358,"sum(views*full_duration) ueber 30 videos (=100%-Retention-Obergrenze, NICHT reale Watch-Std)",0.0033,False,False,0,,False,2026-04-26,2b9RHYccyqE,645035,2026-06-09,rss_exact,44,33,16,15;16,855291b7447f,,
HiddenPower-e9n,LONG,median_dur=273s over 30 items,11700,5619459,36,33,11,22,44177,21000,188786,1300000,12,3,0.0833,0.034,0.621,UNKLAR,True,True,,N/A_long_form_channel(shorts_gate_gilt_nicht),False,False,UNBESTIMMBAR(watch_hours_nicht_exponiert),360775,"sum(views*full_duration) ueber 30 videos (=100%-Retention-Obergrenze, NICHT reale Watch-Std)",0.0111,False,False,0,,False,2026-05-15,wzwVY1TG1eI,1300000,,published_text:3 weeks ago,,,1,1;6,5748aa2688f4,,scraped_33_of_36_vids(median_on_newest); viral_upload_date:only_relative_text
LOVERSINUSA,SHORTS,no_duration_overlays=pure_shorts,93000,7452214,49,48,48,0,23202,15583,47659,835446,2,1,0.0204,0.0278,1.69,UNKLAR,True,True,7452214,pure_shorts=exact_total_views,False,True,N/A_shorts_channel,,keine_dur+views_paare,,False,False,0,,False,2026-06-12,HjGWf-aDdrc,835446,2026-07-07,rss_exact,25,5,22,8;11;12;22;23,a38ef56a3582,,views_missing_on_33_vids; scraped_48_of_49_vids(median_on_newest)
LittleDramaWorld-h5t,LONG,median_dur=503s over 30 items,6810,6151383,32,30,0,30,482,282,44012,3200000,7,3,0.0938,0.0002,0.478,UNKLAR,True,True,,N/A_long_form_channel(shorts_gate_gilt_nicht),False,False,UNBESTIMMBAR(watch_hours_nicht_exponiert),901113,"sum(views*full_duration) ueber 30 videos (=100%-Retention-Obergrenze, NICHT reale Watch-Std)",0.0044,False,False,0,,False,2026-05-05,HaK-DkJZhH4,3200000,,published_text:13 days ago,,,12,0;6;9;10;11;12;13;17;20,aa35472e4473,,scraped_30_of_32_vids(median_on_newest); viral_upload_date:only_relative_text
MASTICARTOON-BN,LONG,median_dur=216s over 16 items,1970,1268687,16,16,4,12,119,50,2632,819688,3,1,0.0625,0.0001,0.889,UNKLAR,True,True,,N/A_long_form_channel(shorts_gate_gilt_nicht),False,False,UNBESTIMMBAR(watch_hours_nicht_exponiert),108679,"sum(views*full_duration) ueber 16 videos (=100%-Retention-Obergrenze, NICHT reale Watch-Std)",0.0368,False,False,0,,False,2026-06-20,TQUDKkqlwz0,819688,2026-06-28,rss_exact,8,14,12,0;1;7;12;13;14,931b79cb7f24,,
MehramSheikh-z8f,LONG,median_dur=1816s over 21 items,21000,13954952,21,21,0,21,387000,197748,840905,2800000,16,10,0.4762,0.1382,0.296,SYSTEM,True,True,,N/A_long_form_channel(shorts_gate_gilt_nicht),False,False,UNBESTIMMBAR(watch_hours_nicht_exponiert),6637302,"sum(views*full_duration) ueber 21 videos (=100%-Retention-Obergrenze, NICHT reale Watch-Std)",0.0006,False,False,0,,False,2026-04-30,GZRPLqPJmS8,2800000,,published_text:1 month ago,,,4,4,e8d484f3bdc3,,viral_upload_date:only_relative_text
MovidTV1,SHORTS,no_duration_overlays=pure_shorts,92200,132246317,231,48,48,0,165466,72288,455843,2133905,10,3,0.013,0.0775,3.726,SYSTEM,True,True,132246317,pure_shorts=exact_total_views,True,True,N/A_shorts_channel,,keine_dur+views_paare,,False,False,1,,True,2026-05-10,T6OGrZlpXFA,2133905,2026-07-07,rss_exact,58,5,15,0;2;3;4;8;10;14;15;16;20;23,,facebook.com,views_missing_on_33_vids; scraped_48_of_231_vids(median_on_newest)
PeachShineDrama,LONG,median_dur=8583s over 31 items,13000,3682535,35,31,0,31,44272,12780,141712,694931,11,2,0.0571,0.0637,0.795,UNKLAR,True,True,,N/A_long_form_channel(shorts_gate_gilt_nicht),False,False,UNBESTIMMBAR(watch_hours_nicht_exponiert),8568814,"sum(views*full_duration) ueber 31 videos (=100%-Retention-Obergrenze, NICHT reale Watch-Std)",0.0005,False,False,0,,False,2026-05-28,GOaxtqqSrIY,694931,2026-07-08,rss_exact,41,4,12,12;22;23,fa2a437d6885,,scraped_31_of_35_vids(median_on_newest)
PuffyTalesTV-y9w,LONG,median_dur=505s over 30 items,8060,5823183,34,30,0,30,29150,481,343100,830750,13,4,0.1176,0.0351,0.618,UNKLAR,True,True,,N/A_long_form_channel(shorts_gate_gilt_nicht),False,False,UNBESTIMMBAR(watch_hours_nicht_exponiert),768842,"sum(views*full_duration) ueber 30 videos (=100%-Retention-Obergrenze, NICHT reale Watch-Std)",0.0052,False,False,0,,False,2026-05-17,ObkkjuCind8,830750,2026-07-03,rss_exact,47,9,12,0;10;12;13;14;17;20,799dd537b89f,,scraped_30_of_34_vids(median_on_newest)
Radhakrishnadub,LONG,median_dur=359s over 5 items,2330,1719149,5,5,0,5,448090,7438,497919,905138,3,2,0.4,0.4951,0.192,SYSTEM,True,True,,N/A_long_form_channel(shorts_gate_gilt_nicht),False,False,UNBESTIMMBAR(watch_hours_nicht_exponiert),175745,"sum(views*full_duration) ueber 5 videos (=100%-Retention-Obergrenze, NICHT reale Watch-Std)",0.0228,False,False,1,,True,2026-06-16,r6MEGxUDqZQ,905138,2026-07-05,rss_exact,19,7,5,5;6,09521154bfc9,instagram.com,
SabjiyoKiDuniya-x3m,LONG,median_dur=677s over 3 items,16900,7108206,3,3,0,3,394853,329035,3456690,6518527,3,1,0.3333,0.0606,0.167,SYSTEM,True,True,,N/A_long_form_channel(shorts_gate_gilt_nicht),False,False,UNBESTIMMBAR(watch_hours_nicht_exponiert),1455995,"sum(views*full_duration) ueber 3 videos (=100%-Retention-Obergrenze, NICHT reale Watch-Std)",0.0027,False,False,2,,True,2026-06-20,AKps6FHkXpA,6518527,2026-06-29,rss_exact,9,13,13,4;7;13,f69223b2e187,instagram.com;t.me,
SabziCartoonStudio-d9c,LONG,median_dur=181s over 12 items,5770,3615237,16,16,6,10,1289,281,81994,2428683,4,2,0.125,0.0005,0.41,UNKLAR,True,True,,N/A_long_form_channel(shorts_gate_gilt_nicht),False,False,UNBESTIMMBAR(watch_hours_nicht_exponiert),293668,"sum(views*full_duration) ueber 12 videos (=100%-Retention-Obergrenze, NICHT reale Watch-Std)",0.0136,False,False,0,,False,2026-06-03,YBl6AmUoTfY,2428683,2026-07-07,rss_exact,34,5,8,2;5;7;8;9;10;21,22368bcc4179,,
Sasuraldramastory,LONG,median_dur=1780s over 24 items,20500,13452922,24,24,0,24,394387,90606,818688,1800000,17,10,0.4167,0.2191,0.267,SYSTEM,True,True,,N/A_long_form_channel(shorts_gate_gilt_nicht),False,False,UNBESTIMMBAR(watch_hours_nicht_exponiert),6324889,"sum(views*full_duration) ueber 24 videos (=100%-Retention-Obergrenze, NICHT reale Watch-Std)",0.0006,False,False,0,,False,2026-04-11,VaY5LRDVatA,1800000,,published_text:1 month ago,,,4,4;5;7,d7e52d6b8477,,viral_upload_date:only_relative_text
ShortTales-v8e,LONG,median_dur=1907s over 20 items,22800,2925904,18,20,1,19,83638,34615,237426,822561,8,1,0.0556,0.1017,0.254,UNKLAR,True,True,,N/A_long_form_channel(shorts_gate_gilt_nicht),False,False,UNBESTIMMBAR(watch_hours_nicht_exponiert),2409634,"sum(views*full_duration) ueber 18 videos (=100%-Retention-Obergrenze, NICHT reale Watch-Std)",0.0017,False,False,0,,False,2026-04-23,9Hf-2KRLdV4,822561,2026-06-28,rss_exact,66,14,15,15;16;18,260392021500,,views_missing_on_2_vids
StoryFlareAI9,LONG,median_dur=529s over 7 items,1730,2730346,10,10,0,10,57993,7813,376524,1257223,4,2,0.2,0.0461,0.27,UNKLAR,True,True,,N/A_long_form_channel(shorts_gate_gilt_nicht),False,False,UNBESTIMMBAR(watch_hours_nicht_exponiert),422619,"sum(views*full_duration) ueber 7 videos (=100%-Retention-Obergrenze, NICHT reale Watch-Std)",0.0095,False,False,0,,False,2026-06-03,pVOJmwOhofQ,1257223,2026-06-29,rss_exact,26,13,15,1;4;10;11;12;13;15,aa697101cafd,,
ToonyPitara-M,LONG,median_dur=327s over 16 items,3210,1102380,16,16,0,16,497,183,23004,830564,3,1,0.0625,0.0006,0.39,UNKLAR,True,True,,N/A_long_form_channel(shorts_gate_gilt_nicht),False,False,UNBESTIMMBAR(watch_hours_nicht_exponiert),114023,"sum(views*full_duration) ueber 16 videos (=100%-Retention-Obergrenze, NICHT reale Watch-Std)",0.0351,False,False,0,,False,2026-05-31,slWkaGQ-FB4,830564,2026-07-03,rss_exact,33,9,12,0;3;4;6;11;12;13;14,ad3ecf28293b,,
TrioHistory111,LONG,median_dur=311s over 16 items,24600,9922281,16,16,0,16,119591,22162,304437,6200000,9,3,0.1875,0.0193,1.0,SYSTEM,True,True,,N/A_long_form_channel(shorts_gate_gilt_nicht),False,False,UNBESTIMMBAR(watch_hours_nicht_exponiert),868324,"sum(views*full_duration) ueber 16 videos (=100%-Retention-Obergrenze, NICHT reale Watch-Std)",0.0046,False,False,0,,False,2026-06-25,QWA1MDLNjMc,6200000,,published_text:2 weeks ago,,,2,2;3;13;15;16;20,c6a3ab6c99db,,viral_upload_date:only_relative_text
VEGHINDISTORYTV,LONG,median_dur=315s over 30 items,6100,3252121,50,30,7,23,972,597,5882,1054665,3,2,0.04,0.0009,1.042,LOTTERIE,True,True,,N/A_long_form_channel(shorts_gate_gilt_nicht),False,False,UNBESTIMMBAR(watch_hours_nicht_exponiert),196548,"sum(views*full_duration) ueber 22 videos (=100%-Retention-Obergrenze, NICHT reale Watch-Std)",0.0204,False,False,0,,False,2026-05-25,NwUmsxGuYiQ,1054665,2026-07-09,rss_exact,45,3,2,0;1;2;3;4;8;10;12;13,5bcb8c2a72bc,,views_missing_on_8_vids; scraped_30_of_50_vids(median_on_newest)
VeggieStory2.0,LONG,median_dur=488s over 12 items,2680,1246077,13,13,0,13,777,525,35673,808627,3,1,0.0769,0.001,0.5,UNKLAR,True,True,,N/A_long_form_channel(shorts_gate_gilt_nicht),False,False,UNBESTIMMBAR(watch_hours_nicht_exponiert),187130,"sum(views*full_duration) ueber 12 videos (=100%-Retention-Obergrenze, NICHT reale Watch-Std)",0.0214,False,False,0,,False,2026-06-15,HbtLbDbTX34,808627,2026-07-07,rss_exact,22,5,14,2;13;14,8a2c746ad74d,,
VisualEuphoria-t6c,LONG,median_dur=482s over 6 items,2490,1278358,6,6,0,6,88529,23250,442365,554618,3,2,0.3333,0.1596,0.162,UNKLAR,True,True,,N/A_long_form_channel(shorts_gate_gilt_nicht),False,False,UNBESTIMMBAR(watch_hours_nicht_exponiert),148210,"sum(views*full_duration) ueber 6 videos (=100%-Retention-Obergrenze, NICHT reale Watch-Std)",0.027,False,False,0,,False,2026-05-31,cJGUw3uBxos,554618,2026-06-04,rss_exact,4,38,13,12;13,d2fce4c81dcb,,
impossibleasmr-q7b,LONG,median_dur=299s over 7 items,1880,842927,7,7,3,4,357,156,121235,603634,2,1,0.1429,0.0006,0.119,UNKLAR,True,True,,N/A_long_form_channel(shorts_gate_gilt_nicht),False,False,UNBESTIMMBAR(watch_hours_nicht_exponiert),30946,"sum(views*full_duration) ueber 7 videos (=100%-Retention-Obergrenze, NICHT reale Watch-Std)",0.1293,False,False,0,,False,2026-05-13,BHIuKaAZl6g,603634,2026-07-06,rss_exact,54,6,13,9;12;13;16,4dc8f00e3483,,
neonloom_yt,LONG,median_dur=308s over 3 items,3300,1353068,3,3,0,3,432919,292410,646195,859471,3,1,0.3333,0.5037,0.077,SYSTEM,True,True,,N/A_long_form_channel(shorts_gate_gilt_nicht),False,False,UNBESTIMMBAR(watch_hours_nicht_exponiert),125470,"sum(views*full_duration) ueber 3 videos (=100%-Retention-Obergrenze, NICHT reale Watch-Std)",0.0319,False,False,0,,False,2026-05-31,yJMZjaCMFHo,859471,2026-07-09,rss_exact,39,3,12,12,74a023155f99,,
thedramatalesx,SHORTS,no_duration_overlays=pure_shorts,46700,14189050,46,46,46,0,26130,22338,44116,96267,0,0,0.0,0.2714,0.517,UNKLAR,True,True,14189050,pure_shorts=exact_total_views,True,True,N/A_shorts_channel,,keine_dur+views_paare,,False,False,1,,True,2026-04-13,,,,,,,13,2;3;4;6;7;12;13;14,56769e6460d9,facebook.com,views_missing_on_31_vids; no_480k_in_scraped(maybe_older_than_scraped)
