start,end,speed_mean,speed_max,jitter_mean,jitter_p90,rot_abs_mean,zoom,sharp_mean,sharp_min,bright,contrast,framediff,ntrack
0.0,1.0,1.04,2.21,0.442,0.748,0.017,0.0,78.8,54.9,134.6,47.2,1.36,147
1.0,2.0,3.09,5.27,0.165,0.258,0.085,1.0007,86.5,74.5,135.5,46.8,2.91,164
2.0,3.0,5.56,6.19,0.235,0.391,0.138,1.0287,81.0,71.8,134.5,44.6,4.56,178
3.0,4.0,6.42,7.39,0.25,0.457,0.173,1.0939,116.9,41.9,133.1,46.3,5.49,221
4.0,5.0,6.66,7.5,0.465,0.692,0.205,0.9946,77.1,46.7,140.3,45.3,6.1,197
5.0,6.0,5.78,6.49,0.185,0.301,0.218,0.9517,124.0,107.9,122.3,44.4,6.97,163
6.0,7.0,5.71,6.37,0.182,0.362,0.178,1.0632,154.1,133.9,117.4,41.5,5.88,147
7.0,8.0,5.84,6.8,0.182,0.309,0.157,1.0941,96.6,73.0,122.4,37.4,4.56,131
8.0,9.0,8.28,10.01,0.557,1.099,0.283,0.959,36.7,15.8,131.8,29.4,3.01,69
9.0,10.0,9.89,10.73,0.391,0.693,0.29,0.8989,48.3,18.1,126.8,45.6,8.07,128
10.0,11.0,7.21,9.16,0.371,0.594,0.188,0.9329,84.0,70.8,104.3,50.1,6.73,86
11.0,12.0,10.51,12.3,0.943,1.824,0.338,0.8791,63.6,43.5,115.8,53.8,9.73,89
12.0,13.0,5.62,9.46,0.473,0.788,0.131,0.9797,51.8,40.9,133.5,51.4,5.14,94
13.0,14.0,10.26,16.23,0.658,1.7,0.227,1.0066,51.8,46.5,108.3,54.8,8.71,97
14.0,15.0,17.86,19.27,0.822,1.62,0.446,1.0295,46.5,28.2,118.6,48.0,12.47,74
15.0,16.0,15.4,19.45,1.272,2.398,0.438,1.1087,28.6,8.6,139.5,32.8,5.78,86
16.0,17.0,5.0,8.65,0.362,0.53,0.066,1.0917,182.6,84.2,136.8,49.3,9.99,185
17.0,18.0,2.68,3.91,0.308,0.5,0.075,1.0964,194.8,176.9,129.6,56.0,7.83,328
18.0,19.0,0.91,1.84,0.176,0.264,0.028,1.0901,205.5,168.8,127.0,53.7,3.99,371
19.0,20.0,1.22,2.51,0.15,0.275,0.025,1.0865,222.9,201.2,127.0,54.0,4.76,379
20.0,21.0,1.94,2.77,0.22,0.341,0.059,1.0951,245.1,217.2,114.8,55.2,6.06,379
21.0,22.0,3.38,4.97,0.176,0.291,0.077,1.1642,234.8,189.8,107.3,52.2,8.33,304
22.0,23.0,4.76,5.58,0.346,0.68,0.192,1.198,139.3,96.5,108.6,44.4,5.89,179
23.0,24.0,1.98,3.1,0.522,0.997,0.055,1.1681,103.4,88.3,124.9,38.2,2.19,98
24.0,25.0,2.08,5.24,0.467,0.756,0.057,1.1918,85.2,40.9,130.8,33.5,2.01,76
25.0,26.0,6.05,9.59,0.846,1.109,0.298,1.2758,26.9,17.4,142.2,29.9,1.22,45
26.0,27.0,4.83,6.43,0.595,1.205,0.185,1.1471,17.1,12.1,145.7,27.1,0.94,95
27.0,28.0,8.7,11.19,0.482,0.867,0.238,1.043,12.1,9.9,144.4,26.5,1.07,119
28.0,29.0,8.19,10.23,1.031,1.497,0.255,0.996,13.8,10.6,146.1,29.1,1.07,15
29.0,30.0,4.15,8.16,1.285,2.894,0.089,0.9366,46.2,20.5,144.3,37.8,1.24,48
30.0,31.0,6.13,8.68,0.83,1.399,0.145,1.047,25.9,13.0,143.9,34.4,1.31,34
31.0,32.0,8.35,11.81,1.693,2.56,0.207,1.0069,11.2,9.1,143.3,27.5,1.15,28
32.0,33.0,10.69,13.69,1.121,1.832,0.389,1.0999,9.0,6.9,147.7,27.7,1.0,91
33.0,34.0,7.27,10.95,1.387,3.039,0.221,1.1085,14.6,12.1,147.0,31.5,1.08,53
34.0,35.0,8.34,9.52,0.783,1.416,0.235,1.0192,39.0,13.7,148.5,35.0,1.93,35
35.0,36.0,7.21,9.08,0.535,1.275,0.242,0.9627,202.4,74.0,127.5,45.1,5.26,131
36.0,37.0,4.99,6.48,0.213,0.368,0.105,0.9311,237.1,196.1,115.2,49.9,6.73,228
37.0,38.0,4.25,5.43,0.248,0.435,0.101,0.9276,271.0,225.8,111.3,53.0,7.67,304
38.0,39.0,5.93,6.95,0.425,0.625,0.099,0.9377,371.4,288.5,111.0,59.6,12.94,362
39.0,40.0,5.01,5.66,0.271,0.503,0.026,0.9579,364.4,327.9,117.0,61.9,12.9,373
40.0,41.0,4.6,6.7,0.378,0.624,0.127,0.973,381.2,339.1,119.1,60.9,8.71,367
41.0,42.0,5.22,6.14,0.36,0.801,0.183,1.0001,305.8,226.1,109.3,53.7,6.37,307
42.0,43.0,4.17,5.11,0.278,0.499,0.12,0.9797,236.5,204.8,107.9,48.5,4.18,187
43.0,44.0,3.92,5.19,0.255,0.494,0.135,0.9578,223.2,192.3,107.6,49.8,2.88,81
44.0,45.0,4.51,5.45,0.292,0.725,0.08,0.9355,192.8,174.4,109.8,49.1,4.73,104
45.0,46.0,4.17,6.38,0.203,0.354,0.111,0.9094,136.3,107.8,105.5,48.0,5.06,124
46.0,47.0,9.0,10.59,0.324,0.689,0.237,1.0122,76.7,55.8,111.8,47.5,8.02,109
47.0,48.0,9.03,10.46,0.616,0.858,0.165,1.0834,36.4,14.4,140.3,44.4,4.41,53
48.0,49.0,5.01,9.49,0.949,1.442,0.083,0.9642,15.2,11.5,144.3,36.6,1.92,17
49.0,50.0,8.98,11.73,0.47,0.881,0.133,0.9555,47.1,14.8,131.5,45.9,4.79,65
50.0,51.0,12.8,14.27,0.867,1.11,0.247,1.1962,86.7,62.3,127.6,49.7,9.66,76
51.0,52.0,13.1,14.33,0.818,1.537,0.243,1.1604,121.1,57.5,146.3,50.7,7.72,69
52.0,53.0,12.31,14.38,0.702,1.105,0.25,1.0901,394.7,248.7,136.2,57.2,17.65,276
53.0,54.0,6.91,10.6,0.439,0.854,0.143,1.265,464.2,377.3,128.7,72.3,18.97,327
54.0,55.0,4.47,6.48,0.458,0.965,0.148,1.2355,360.4,275.2,130.7,77.2,10.2,355
55.0,56.0,2.69,4.39,0.374,1.176,0.081,1.2076,665.9,427.9,133.3,70.9,8.96,375
56.0,57.0,3.73,7.55,0.491,0.886,0.13,1.1276,759.5,623.9,117.1,68.7,11.18,392
57.0,58.0,7.92,9.23,0.285,0.467,0.308,1.1522,606.5,430.9,92.2,67.1,14.33,390
58.0,59.0,3.24,5.4,0.32,0.571,0.051,1.0674,357.6,239.5,87.6,55.1,9.5,390
59.0,60.0,10.05,13.51,0.546,0.977,0.32,1.0338,355.9,258.4,105.2,53.0,15.82,354
60.0,61.0,10.04,12.74,0.236,0.406,0.275,1.0509,488.9,384.3,95.9,62.5,20.44,382
61.0,62.0,5.39,8.64,0.475,0.825,0.101,1.0632,261.2,199.1,85.8,55.5,12.79,378
62.0,63.0,4.81,6.18,0.514,0.786,0.019,1.1039,218.2,185.2,100.9,54.6,11.69,357
63.0,64.0,5.88,7.13,0.316,0.48,0.088,1.0681,184.0,132.1,106.3,54.1,12.57,386
64.0,65.0,11.5,15.45,1.099,2.191,0.104,1.1064,107.3,70.7,119.3,55.1,10.09,348
65.0,66.0,4.42,8.32,0.948,1.724,0.604,1.1416,65.7,56.1,112.0,54.7,8.11,248
66.0,67.0,6.55,9.79,1.777,2.81,0.94,1.1039,74.8,60.1,124.0,71.4,10.21,219
67.0,68.0,7.44,13.83,1.624,5.276,0.113,0.8568,489.9,155.8,126.0,73.1,19.43,343
68.0,69.0,6.22,7.79,0.327,0.53,0.071,0.9066,1073.8,873.8,127.6,69.4,31.55,384
69.0,70.0,4.02,7.46,0.414,0.705,0.07,1.0568,989.5,869.7,142.2,59.5,23.76,397
70.0,71.0,2.83,3.61,0.257,0.564,0.066,1.1813,1109.2,939.0,132.7,59.7,15.25,389
71.0,72.0,3.08,3.73,0.375,0.622,0.119,1.2515,969.1,859.2,125.0,62.8,18.1,378
72.0,73.0,3.57,4.82,0.265,0.454,0.055,1.2317,1049.9,911.6,118.1,70.3,21.27,387
73.0,74.0,4.75,5.36,0.167,0.26,0.06,1.2625,875.4,761.0,121.5,74.2,22.66,390
74.0,75.0,3.13,3.69,0.344,0.632,0.039,1.2978,731.2,645.0,124.8,73.4,18.82,375
75.0,76.0,4.54,6.3,0.674,1.183,0.087,1.3609,589.9,514.7,129.6,69.5,15.77,350
76.0,77.0,4.31,6.06,0.909,2.418,0.04,1.2234,431.5,386.0,129.6,65.2,12.05,306
77.0,78.0,7.69,9.23,0.165,0.291,0.122,0.9808,492.0,414.7,126.6,64.1,12.23,364
78.0,79.0,12.14,16.04,0.735,1.245,0.222,1.0746,494.1,381.7,119.0,62.5,15.37,349
79.0,80.0,17.49,21.91,1.356,2.482,0.303,1.0177,362.4,303.2,112.5,59.5,21.17,290
80.0,81.0,11.38,14.05,0.779,1.177,0.189,1.0269,332.7,269.4,92.0,64.9,20.76,334
81.0,82.0,6.82,8.24,0.182,0.302,0.088,0.9759,331.5,256.0,89.4,61.0,13.98,387
82.0,83.0,4.41,5.37,0.11,0.242,0.06,0.9985,528.8,400.1,111.0,67.9,13.54,394
83.0,84.0,4.71,6.06,0.153,0.284,0.045,1.0175,586.1,541.0,117.5,68.8,15.4,384
84.0,85.0,4.08,5.46,0.187,0.387,0.045,1.021,581.2,514.9,130.8,65.8,12.71,387
85.0,86.0,3.26,4.63,0.255,0.399,0.042,1.1342,558.3,456.4,125.3,63.9,10.76,391
86.0,87.0,5.02,6.74,0.39,0.652,0.045,1.2806,328.0,170.9,110.2,66.8,11.34,345
87.0,88.0,6.7,8.91,0.756,1.773,0.047,1.5178,146.7,118.6,101.6,68.5,8.13,270
88.0,89.0,6.94,8.63,1.126,1.585,0.047,1.5501,149.3,118.7,92.0,65.1,7.07,250
89.0,90.0,7.53,10.02,1.566,2.912,0.239,1.5311,130.9,38.9,85.1,55.0,7.59,129
90.0,91.0,4.33,5.97,0.554,0.978,0.109,1.1105,59.2,41.6,93.8,52.7,5.03,128
91.0,92.0,3.32,4.47,0.619,1.1,0.081,1.2007,78.2,67.1,105.7,54.4,4.5,97
92.0,93.0,2.37,4.65,0.363,0.702,0.017,1.1663,110.3,76.0,112.3,48.6,2.58,95
93.0,94.0,3.95,6.75,0.775,1.14,0.018,1.3322,81.3,33.0,120.5,48.9,2.87,84
94.0,95.0,5.72,7.55,0.898,1.976,0.039,1.4671,240.2,141.5,110.3,53.1,4.47,162
95.0,96.0,7.15,9.68,1.107,2.05,0.051,1.6225,115.9,56.3,102.1,48.9,6.49,147
96.0,97.0,3.62,4.17,0.336,0.505,0.044,1.2432,62.4,40.4,118.2,39.4,3.66,64
97.0,98.0,5.55,8.34,0.473,0.938,0.074,1.3173,64.1,37.1,132.1,37.9,3.45,62
98.0,99.0,12.82,19.15,1.044,2.366,0.288,1.3294,36.2,15.2,134.2,46.4,6.81,92
99.0,100.0,13.45,23.44,1.794,3.192,0.478,1.2565,51.3,14.3,128.0,50.2,6.12,306
100.0,101.0,6.61,8.38,0.709,1.299,0.129,1.1929,137.3,82.7,115.6,43.9,7.51,379
101.0,102.0,5.28,8.73,0.579,0.809,0.031,1.273,153.5,107.4,135.7,34.6,6.52,380
102.0,103.0,7.44,9.66,0.454,0.698,0.204,1.2853,149.1,85.6,138.9,32.9,7.15,384
103.0,104.0,5.0,6.26,0.244,0.565,0.124,1.2753,193.0,131.8,132.4,35.1,6.07,396
104.0,105.0,5.45,6.88,0.408,0.768,0.112,1.3545,218.1,163.1,130.6,36.6,6.02,393
105.0,106.0,6.27,8.04,0.787,1.416,0.069,1.3313,193.3,146.9,128.3,41.1,8.07,392
106.0,107.0,27.05,46.95,6.59,17.901,0.827,1.2627,66.7,1.2,132.2,32.5,7.62,233
107.0,108.0,11.4,27.41,3.384,10.836,0.301,0.9083,25.7,1.7,105.0,40.1,9.33,253
108.0,109.0,7.28,9.51,0.603,1.428,0.184,1.2497,62.2,44.0,122.8,33.3,6.44,379
109.0,110.0,15.64,28.61,1.757,3.661,0.532,1.3709,23.4,5.9,133.7,29.1,4.64,257
110.0,111.0,13.51,33.7,3.945,10.416,0.427,1.0115,10.2,4.6,123.8,26.2,4.17,92
111.0,112.0,8.49,13.54,2.505,4.246,0.073,0.9516,5.7,2.9,125.0,23.0,2.73,51
112.0,113.0,7.76,18.16,2.5,5.251,0.053,0.9468,6.9,2.9,134.8,26.1,2.4,90
113.0,114.0,19.84,41.46,4.571,9.428,0.443,1.0845,7.8,0.8,147.4,30.0,6.93,182
114.0,115.0,10.16,42.52,5.362,11.815,0.145,1.1493,0.8,0.6,148.9,8.9,2.14,61
115.0,116.0,2.4,14.92,1.833,5.629,0.029,0.9976,1.2,0.8,144.2,11.6,0.8,102
116.0,117.0,11.3,13.16,0.903,1.766,0.094,1.1345,10.2,3.1,148.7,39.1,3.73,63
117.0,118.0,5.19,7.27,0.848,2.03,0.066,0.8628,38.4,23.1,140.4,39.2,3.84,250
118.0,119.0,5.62,6.87,0.456,0.765,0.069,0.8156,88.7,65.6,132.1,41.1,6.64,390
119.0,120.0,2.61,5.06,0.556,1.175,0.049,1.1764,125.5,101.0,129.8,47.2,4.56,390
120.0,121.0,5.82,7.79,0.776,1.222,0.071,1.6228,97.8,51.9,128.6,50.6,6.22,367
121.0,122.0,7.41,14.19,1.704,2.828,0.393,1.5245,49.5,32.0,127.6,60.4,6.51,273
122.0,123.0,25.8,50.97,14.258,32.936,0.675,1.3495,11.0,0.9,110.5,41.8,6.57,71
123.0,124.0,16.56,57.2,8.884,18.679,0.479,0.9073,12.7,0.8,88.1,31.0,7.4,193
124.0,125.0,4.81,10.69,0.695,1.004,0.104,1.1823,58.2,41.1,110.6,36.1,5.55,389
125.0,126.0,5.13,7.27,1.166,1.883,0.203,1.2682,84.8,72.8,132.3,36.1,4.92,381
126.0,127.0,14.54,23.01,1.601,2.749,0.623,1.312,77.8,15.2,132.5,38.0,11.39,351
127.0,128.0,13.72,23.43,1.846,3.132,0.511,1.4414,62.3,19.7,133.4,38.8,11.08,338
128.0,129.0,7.43,9.57,1.552,2.944,0.126,1.4294,49.2,11.2,136.0,38.0,6.66,334
129.0,130.0,9.9,18.62,3.711,5.724,0.388,1.351,29.0,6.5,133.5,38.3,6.23,225
130.0,131.0,12.67,15.48,2.062,3.826,0.356,1.1816,46.8,27.5,133.7,46.0,12.49,64
131.0,132.0,8.49,14.31,1.969,3.796,0.204,1.1754,31.7,15.0,131.9,43.4,6.5,54
132.0,133.0,12.43,19.67,1.238,2.182,0.326,1.1879,46.4,19.9,128.9,40.4,7.78,62
133.0,134.0,15.21,22.13,1.298,1.978,0.464,1.3007,34.8,22.1,124.9,45.4,9.34,72
134.0,135.0,11.69,16.57,1.654,2.795,0.38,1.3625,33.2,10.1,118.6,50.7,6.01,59
135.0,136.0,8.94,10.07,1.022,2.277,0.209,1.2659,52.8,27.2,99.2,53.4,7.71,88
136.0,137.0,13.27,20.56,1.749,3.065,0.419,1.2928,20.1,5.0,90.7,54.6,11.18,99
137.0,138.0,10.68,21.64,2.345,4.968,0.476,1.233,8.9,3.3,91.4,39.9,4.21,78
138.0,139.0,10.9,28.5,3.076,5.953,0.389,1.1788,8.6,3.9,101.5,39.8,2.08,48
139.0,140.0,17.3,26.25,1.93,3.613,0.675,1.0967,5.8,3.2,87.1,34.1,2.4,45
140.0,141.0,7.22,13.45,2.132,3.287,0.128,1.0435,5.9,2.4,108.7,38.2,1.6,32
141.0,142.0,10.37,14.16,2.088,3.094,0.08,1.2138,6.6,1.9,106.9,34.5,1.71,49
142.0,143.0,9.96,44.73,10.479,18.186,0.123,1.0459,2.3,0.8,123.6,23.9,1.76,56
143.0,144.0,5.15,31.98,4.509,8.079,0.286,0.9645,1.4,0.7,159.9,20.1,2.85,52
144.0,145.0,15.43,22.57,1.493,2.768,0.265,0.8153,34.2,4.6,126.3,58.3,6.79,115
145.0,146.0,12.02,20.63,1.431,2.738,0.137,1.1485,45.4,17.8,93.3,58.6,6.7,157
146.0,147.0,9.16,20.55,1.74,3.828,0.071,1.1231,8.6,5.5,66.6,42.4,4.14,128
147.0,148.0,5.75,10.69,1.301,2.058,0.102,0.9081,11.2,7.2,83.5,45.6,3.36,160
148.0,149.0,15.55,46.85,7.562,15.742,0.505,0.9502,5.8,1.6,102.4,44.3,10.19,109
149.0,150.0,12.51,17.03,2.69,5.298,0.397,1.1374,8.3,3.6,152.5,49.4,9.22,59
150.0,151.0,14.98,47.14,7.755,13.612,0.392,1.1474,3.2,0.5,187.2,24.6,4.33,24
151.0,152.0,22.25,28.38,2.727,6.017,0.273,1.0985,8.4,4.8,100.5,51.3,18.2,36
152.0,153.0,6.23,12.58,0.995,1.904,0.148,1.1431,25.4,9.2,79.3,49.8,4.55,72
153.0,154.0,7.29,14.04,1.771,2.832,0.142,1.1715,20.3,7.6,94.3,56.8,4.6,133
154.0,155.0,12.17,15.81,1.723,2.821,0.188,1.2341,8.4,3.5,95.0,58.9,6.1,162
155.0,156.0,8.27,13.09,2.298,3.718,0.131,1.0257,10.2,3.1,90.3,52.5,3.28,125
156.0,157.0,12.51,17.86,1.885,3.695,0.124,0.9643,6.4,2.4,84.5,54.0,6.48,165
157.0,158.0,9.08,13.24,2.123,3.606,0.13,1.0183,13.3,5.5,86.5,50.0,5.77,245
158.0,159.0,7.31,10.42,1.651,2.649,0.087,1.2911,16.4,4.4,105.9,52.5,5.4,145
159.0,160.0,10.52,14.45,2.605,3.971,0.145,1.2991,11.8,4.2,106.8,34.2,4.38,57
160.0,161.0,12.98,16.28,2.282,4.515,0.278,1.4598,15.9,6.6,86.5,24.8,4.04,168
161.0,162.0,12.82,16.29,2.109,3.871,0.174,1.1009,8.7,3.0,94.3,24.3,3.22,139
162.0,163.0,7.31,12.37,3.912,7.036,0.12,1.0526,5.5,2.9,96.5,24.0,1.94,119
163.0,164.0,7.08,13.02,2.173,4.666,0.156,1.0094,6.7,4.2,86.5,20.5,2.56,56
164.0,165.0,12.53,21.14,2.511,4.841,0.306,0.9794,10.9,4.3,79.6,26.4,3.56,112
165.0,166.0,20.04,28.97,2.199,3.607,1.201,1.0143,9.4,2.9,88.2,32.1,3.47,202
166.0,167.0,10.33,28.14,1.833,3.167,0.494,0.9602,5.9,3.8,97.4,33.2,2.04,103
167.0,168.0,15.31,47.09,4.976,9.285,0.648,1.007,3.7,1.9,95.9,33.9,2.48,207
168.0,169.0,32.92,67.36,7.43,19.679,1.225,1.0557,9.9,1.7,140.5,58.5,15.3,55
169.0,170.0,9.91,26.82,2.049,3.399,0.391,1.2771,52.2,11.6,131.4,59.9,9.89,110
170.0,171.0,21.37,32.3,6.101,10.491,0.808,0.8798,4.4,2.3,120.2,41.8,6.73,43
171.0,172.0,3.33,5.77,0.902,1.579,0.168,1.0721,4.2,3.2,129.0,31.0,0.92,64
172.0,173.0,9.91,19.72,1.892,4.288,0.3,1.1279,7.6,3.7,136.4,32.5,1.79,57
173.0,174.0,9.0,15.37,3.106,6.555,0.208,1.1247,5.4,3.7,136.6,37.6,2.0,70
174.0,175.0,3.92,8.37,2.19,4.92,0.082,1.3863,7.7,4.8,133.2,26.2,1.28,51
175.0,176.0,15.26,19.76,2.502,4.55,0.642,1.186,10.7,3.0,132.8,24.0,1.78,59
176.0,177.0,10.44,13.94,0.765,1.274,0.295,1.0263,143.7,45.4,131.6,42.0,9.02,195
177.0,178.0,6.09,9.77,0.729,1.412,0.186,1.1031,148.9,127.8,119.2,54.4,8.8,283
178.0,179.0,9.88,13.71,0.507,1.024,0.263,1.3063,85.4,36.5,113.2,48.8,9.62,162
179.0,180.0,13.91,19.1,4.375,7.626,0.438,0.8334,6.6,2.4,113.5,23.5,1.85,41
180.0,181.0,16.65,19.84,2.488,4.762,0.494,0.9953,11.0,5.0,132.4,28.2,2.53,41
181.0,182.0,13.52,14.84,0.879,1.608,0.268,1.0016,19.2,9.3,133.5,31.7,4.41,27
182.0,183.0,17.43,31.78,3.85,6.826,0.465,0.9985,4.1,3.6,144.4,36.2,2.21,78
183.0,184.0,17.37,26.68,2.766,3.81,0.504,0.9569,4.1,3.5,130.4,35.9,1.81,75
184.0,185.0,24.34,37.23,4.942,8.269,0.693,0.9707,4.0,2.8,134.9,35.9,2.4,58
185.0,186.0,27.4,38.36,3.753,5.701,0.727,1.0648,11.0,2.5,125.0,33.6,4.98,58
186.0,187.0,37.21,49.01,8.533,15.213,1.11,1.1769,4.8,1.2,130.7,27.3,3.22,55
187.0,188.0,10.59,33.99,6.465,14.741,0.196,1.2552,149.4,0.9,153.9,41.4,10.56,208
188.0,189.0,2.08,5.75,0.908,2.526,0.132,1.1401,793.2,260.1,135.4,67.6,7.43,343
189.0,190.0,0.22,0.66,0.14,0.325,0.008,0.9982,1120.0,974.6,131.2,54.5,4.18,258
190.0,191.0,1.49,5.69,1.098,2.565,0.175,0.977,121.4,68.2,107.7,63.0,4.59,256
191.0,192.0,3.74,6.23,1.361,2.5,0.169,1.0929,135.0,79.7,113.0,68.7,7.76,274
192.0,193.0,2.18,4.82,1.137,1.911,0.096,1.0886,238.1,202.9,112.4,73.2,8.97,263
193.0,194.0,1.89,3.74,0.678,1.316,0.064,1.0578,341.8,241.9,104.7,74.0,8.05,320
194.0,195.0,6.13,8.53,0.228,0.333,0.179,0.9999,431.6,359.7,121.9,70.8,11.94,360
195.0,196.0,15.89,22.79,1.056,2.107,0.27,1.1541,456.9,301.0,109.1,70.6,20.72,343
196.0,197.0,13.23,21.5,1.264,2.538,0.13,0.9784,278.6,210.7,85.1,63.1,17.99,301
197.0,198.0,10.67,12.24,0.915,1.444,0.034,1.1035,193.3,169.5,95.9,68.7,12.53,299
198.0,199.0,11.76,13.87,1.286,2.087,0.057,1.051,133.4,68.7,75.9,62.4,15.06,208
199.0,200.0,8.67,14.62,1.29,2.464,0.165,1.0941,85.0,59.8,88.3,45.7,11.76,229
200.0,201.0,4.06,8.13,0.848,1.313,0.046,1.369,124.8,81.8,110.6,40.8,7.87,375
201.0,202.0,6.82,15.85,1.566,2.624,0.116,1.4968,88.0,71.3,115.7,43.6,9.22,226
202.0,203.0,8.47,18.74,2.902,6.265,0.115,1.4557,97.1,24.6,106.9,37.2,6.64,81
203.0,204.0,4.76,12.53,3.834,7.366,0.055,1.2063,78.9,9.7,122.0,33.9,2.64,54
204.0,205.0,12.33,51.56,9.24,15.805,0.265,1.2593,7.7,3.8,132.7,36.5,5.49,59
205.0,206.0,10.5,16.69,3.279,7.959,0.312,1.1725,4.6,3.2,127.0,32.4,1.44,96
206.0,207.0,10.77,12.63,0.859,1.332,0.255,1.179,12.8,3.6,130.3,34.7,2.98,30
207.0,208.0,8.61,9.6,0.447,0.66,0.155,1.3712,42.8,13.1,124.6,46.0,4.76,36
208.0,209.0,7.49,10.68,1.12,1.956,0.081,1.4675,38.8,14.6,121.5,58.5,6.27,42
209.0,210.0,4.39,7.1,1.038,1.753,0.162,1.3417,17.9,7.5,126.9,63.3,3.51,47
210.0,211.0,16.48,24.92,3.167,5.476,0.388,1.3797,20.9,8.6,99.8,67.4,10.22,37
211.0,212.0,7.29,17.97,1.114,2.26,0.113,1.1479,107.6,21.1,150.6,36.5,7.17,106
212.0,213.0,2.3,4.73,0.57,0.931,0.045,1.2369,128.8,91.9,124.5,40.2,3.89,178
213.0,214.0,2.57,3.62,0.63,1.203,0.052,1.2853,167.2,145.5,113.9,46.7,5.3,253
214.0,215.0,2.21,5.16,0.919,1.803,0.064,1.2697,214.7,171.8,121.2,55.4,8.83,265
215.0,216.0,1.63,2.4,0.442,0.707,0.038,1.176,185.0,155.7,140.2,47.6,9.86,310
216.0,217.0,2.14,4.21,0.452,0.916,0.03,1.1822,143.4,115.5,128.3,45.7,7.18,270
217.0,218.0,7.43,9.77,0.533,0.938,0.064,1.2641,73.1,16.4,126.9,38.6,5.17,111
218.0,219.0,7.37,15.85,1.558,4.476,0.179,1.1677,9.9,5.3,143.7,30.5,1.07,36
219.0,220.0,3.78,14.34,3.049,5.911,0.181,1.0498,6.9,3.7,147.3,29.3,0.71,9
220.0,221.0,10.52,13.65,1.921,3.278,0.51,1.0023,20.3,7.5,146.8,34.1,1.33,30
221.0,222.0,9.72,12.54,2.327,4.016,0.325,0.8139,35.1,18.3,137.0,47.0,3.26,60
222.0,223.0,7.93,10.09,0.871,1.609,0.137,0.8185,128.4,23.1,130.8,51.1,5.77,105
223.0,224.0,10.78,13.0,0.917,1.889,0.208,0.9647,125.2,33.1,131.0,51.4,8.06,85
224.0,225.0,10.18,14.73,3.721,7.877,0.339,0.983,101.6,40.5,145.1,53.5,5.96,67
225.0,226.0,7.35,15.5,1.119,1.911,0.213,0.8583,270.4,190.1,134.2,50.8,7.28,230
